{"Key":"face-palmed-into-oblivion","Title":"Face Palmed into Oblivion","Author":{"Username":"aquinas","DisplayName":"Christopher","ImageUrl":"http://grislygrotto.blob.core.windows.net/usercontentpub/facebook-small-chris.jpg"},"Date":"2018-07-27T23:00:29.457","Content":"<div>Well, dammit.</div><div><br></div><div>Astute readers might have noticed that the image links in various posts are broken, all of a sudden. This is because of several issues I had this morning.</div><div><br></div><div>A while back I bought an MSDN subscription. Its been something I have debated for a while, and finally took the plunge. I needed Windows 10 licenses, and a sub comes with those, plus a $50USD azure credit that I could use to run GG. Since I bought it, I havent really found a need for the credit, and have always felt I would probably have been better off buying a win license as needed, and paying for Azure resources as used, as doing both on a point-by-point basis would be cheaper than an annual ~$700NZD fee.</div><div><br></div><div>Well, yesterday I thought I had found a use for it: I would set up a gaming server. It could run Minecraft and maybe Quake, and while it would still be a gimmick it would at least use up some of my credit. I tried, but found I couldn't create such a server (a virtual machine) in the closest data centre, Australia East. I raised a support ticket and went to bed.</div><div><br></div><div>Fast forward to this morning, and I receive a response telling me that apparently the free credit can only be used in the US or Southeast Asia. What?! Thats useless. But, I think I have a workaround. You see, the same restriction seemed to apply when I set up the grisly grotto sql database under the sub. I didn't know this was the cause, but I found I could work around it by creating the resources as a 'pay-as-you-go' resource (charged to my card, not the credits) then transfer them to the credits sub afterwards. It worked for SQL, why wouldn't it for the VM? So I set one up.</div><div><br></div><div>Except, I set it up for the wrong region accidentally: SE Asia. So I deleted it. Except, when I deleted it, I accidentally also deleted the blob storage for this site.</div><div><br></div><div>Massive facepalm. Such a deletion is irreversible, so in a stroke I have erased all image content for the site for the last twelve years. I have only one backup. From 2013.</div><div><br></div><div>This has pretty much ruined my morning. I think its time I spent a bit of effort getting a proper, automatic backup system going for my cloud services. While losing all the images is really irritating, at least I didn't lose the database and therefore all blog content. But I'm only one misclick away from doing just that, and if that happened it would ruin my week, my month, not just my morning. Time for me to get serious.<br></div>","WordCount":444,"IsStory":false,"Comments":[{"Id":4724,"Author":"Peter","Content":"Bummer","Date":"2018-07-28T10:01:08.633"}]}