{"Key":"globalised-trade-war-limitations","Title":"Globalised Trade War limitations","Author":{"Username":"pdc","DisplayName":"Peter","ImageUrl":"http://grislygrotto.blob.core.windows.net/usercontentpub/facebook-small-pete.jpg"},"Date":"2018-07-12T19:55:23.583","Content":"<p>There was an interesting article on NBR about the Trade War between US and China, and particularly the deficit.</p><p>It used the iPhone as an example. Each iPhone imported to America costs ~ $ 237.</p><p>However the iPhone is at the end of a very long supply change. China actually imports $ 229 worth of goods from other countries to make the iPhone. $ 68 of this comes back to America. Plus of course the profit on top of the phone.</p><p>This means that each iPhone adds ~ $ 169 to the US trade deficit, but moving manufacturing to the US would only&nbsp;reduce this to $ 160. Unless they automate the assembly, which may be tricky, it would also add significantly to the cost of the iPhone.</p><p>Apparently the iPhone is an exaggerated example, but it is by no means the only one. In a gloabalised world, it looks like all of the trade deficit is with the manufacturing source, but in truth the majority of the trade deficit could actually be born by its suppliers, or its supplier suppliers.</p><p>The US does have legitimate concerns about China's IP theft and barriers of entry. Of course the US isn't exactly innocent in either of these camps - I doubt any country is - but perhaps reducing these points isn't a bad idea.</p><p>What this does show though is that winning a trade war might actually make you seriously worse off in a globalised world with complex multi-country supply channels. My assumption was that the primary losers would be the consumers through higher priced goods, but it seems that all 'winning' will do is change which country the trade deficit is with.</p><p>Unless of course the US wants to shut down all supply channels in all countries for any goods consumed in US. Good luck with that.</p>","WordCount":299,"IsStory":false,"Comments":[{"Id":4710,"Author":"Chris","Content":"Either (or both) he a) doesn't know how money, trade or supply lines work (very likely) or b) doesn't care, because neither do his supporters.","Date":"2018-07-12T20:03:34.68"},{"Id":4711,"Author":"Peter","Content":"I don't see either. And I don't think the ignorance is limited to my orange face - this 'simplification of issues' applies to almost everything","Date":"2018-07-12T22:41:21.107"},{"Id":4712,"Author":"Peter","Content":"Including me - I actually had no idea how globalisation distorted trade imbalances, mainly because I never thought about that aspect of it. It makes sense, but just wasn't something that came up before","Date":"2018-07-12T22:43:08.873"},{"Id":4713,"Author":"Chris","Content":"It would probably be best if they stopped calling them 'imbalances'. You have a severe trade 'imbalance' with your employer, but tariffs are probably not the answer.","Date":"2018-07-13T00:02:42.33"},{"Id":4714,"Author":"Peter","Content":"Hmmmm. Might try that","Date":"2018-07-13T00:49:48.697"}]}