{"Key":"humble-pie","Title":"Humble Pie","Author":{"Username":"aquinas","DisplayName":"Christopher","ImageUrl":"http://grislygrotto.blob.core.windows.net/usercontentpub/facebook-small-chris.jpg"},"Date":"2018-07-17T20:56:42.117","Content":"<div>I have gotten back into <a href=\"https://exercism.io\">Exercism</a>, again. They recently upgraded to V2, and I felt like everything was broken. In a way that made it impossible to use: the way you download exercises and submit them back is via a tool called the <a href=\"https://github.com/exercism/cli\">exercism-cli</a>, and it threw all sorts of errors and at one point outright refused to even run on windows 10. But they published updates pretty quickly, and I am back into it. A big difference with the new version is now you cannot proceed to the next puzzle until the previous one has been reviewed by a 'mentor'. This was the promise of the previous site, but it was never enforced: as a result I went through the entirety of the F# track only looking at what other people did, not having anyone look at my own (there was one guy, but all he said was that my stuff was awesome).</div><div><br></div><div>Given I have idly started doing the C# exercises - you know, in the language I have used professionally for the past 15 years and consider myself a master at - it was initially extremely irritating to have 'mentors' pop in and make observations about how I should change my solutions. Especially since one of them actually had a pretty good suggestion. At the same time, I am receiving feedback on my earliest F# exercises now, the ones I solved back when I was still stumbling through the language (you know, two months ago). Comments on those solutions are hard to take as I am like, 'Yes, of course, I KNOW'.</div><div><br></div><div>But I want to keep using Exercism, because I want to pick up some other languages with Haskell being the first - Haskell is functional programming a step beyond F#, and while it looks a bit too high minded to be practical, learning its techniques will make my F# code better much as my F# coding has improved my C#. And that suggestion from one of my mentors on C# was valid so...after a few days of soul searching, I decided to eat a slice of humble pie.</div><div><br></div><div>I've actually started to enjoy it! There is one mentor specifically, who is on both the F# and C# tracks, and his suggestions are usually pretty good. A lot of 'duh' moments, me not doing something I know I should have done but just didn't think of. And a lot of suggestions that I have pushed back on, with reasoning, which he has accepted. Its fun!</div><div><br></div><div>I think I will finish the C# track - I don't get to write much complicated C# in my job, which is mostly just web services and web sites, so I think it will be interesting to solve the later, much more intense problems. And then on to Haskell!<br></div>","WordCount":464,"IsStory":false,"Comments":[{"Id":4717,"Author":"Peter","Content":"I know I tend to get lazy with programming and use approaches I am comfortable with rather than optimal. But of course coding is purely hobby for me","Date":"2018-07-17T21:20:24.58"},{"Id":4718,"Author":"Peter","Content":"Of course there is difference between algorithms (logic) and coding. I think I am much better at the first part than the second. However, it is always good to get external views","Date":"2018-07-17T21:21:49.317"},{"Id":4719,"Author":"Chris","Content":"Beyond a certain point, becoming a better programmer involves learning new ways of thinking, new ways of expressing logic. Its the chief difference between functional and imperative programming, for example.","Date":"2018-07-17T22:00:29.767"},{"Id":4720,"Author":"Peter","Content":"I think that logic applies to most professions by the way","Date":"2018-07-17T23:05:05.147"}]}