{"Key":"miniknighted","Title":"MiniKnighted","Author":{"Username":"aquinas","DisplayName":"Christopher","ImageUrl":"http://grislygrotto.blob.core.windows.net/usercontentpub/facebook-small-chris.jpg"},"Date":"2018-07-29T22:01:41.443","Content":"<div>It's done! <a href=\"https://github.com/ChrisPritchard/MiniKnight\">https://github.com/ChrisPritchard/MiniKnight</a>. Below is a handy capture I took with a screen-to-gif tool, showing it off (sorry about the size):</div><div><br></div><div align=\"center\"><img alt=\"gif screen cap 2.5mb\" src=\"https://grislygrotto.blob.core.windows.net/blog/miniknight-screencapture.gif\"></div><div><br></div><div>After getting over my dismay at deleting the site's image archives (godsdammit), I needed to cheer myself up with productivity. I wired up some AI for the orcs in the game, which works well as you can see above - simple, yet effective. After that, there were sounds, music and intermediary screens, all of which I knocked out over the course of a few hours. The final game feels and plays well!</div><div><br></div><div>Comparing it to the original Unity version, it 'feels' better. I relied on physics for unity, and I think ultimately this game is too small and tight for the physics to work perfectly. I probably could have spent more time tuning the Unity version, but in a way I prefer this. Building just what I need, and being able to run without compilation without needing Unity installed, just dotnet core :) Everyone has dotnet core, right?</div><div><br></div><div>So, what next? I had an idea that I might replace the backend of this site with a api that runs over a zip file; I discovered that apparently free tier web apps on Azure have a dedicated, shared 1GB of file system they can write too, and as part of my panic the other day I wrote an app that pulls all the blogs into a zip file - ended up being 5MB. I think I might be able to write an API that reads and writes into a zip file on the server. It'll probably be slightly slower than SQL, and searching might be trickier without a seperate index, but it would be free and would also be easier to backup: I just download the zip file periodically. SQL Server has an export function, but I have found that a) occasionally the .bacpac files it creates don't work and b) they all go into an Azure storage account. You know, the one I deleted. Hmm, we'll see.</div><div><br></div><div>Otherwise, next step is the beginnings of an isometric 4X. I figure I would start with a small 'hamlet' game, where you settle a town and have to build farms, become sustainable etc. Would be a good proof of concept I am thinking :)<br></div>","WordCount":378,"IsStory":false,"Comments":[{"Id":4725,"Author":"Peter","Content":"Oooooo pictures. Forgot what they were","Date":"2018-07-30T00:12:31.483"},{"Id":4726,"Author":"Peter","Content":"Too soon?","Date":"2018-07-30T00:12:45.95"},{"Id":4727,"Author":"Chris","Content":"Yes too soon!","Date":"2018-07-30T01:29:32.04"},{"Id":4728,"Author":"Toni","Content":"So cute.","Date":"2018-07-30T20:18:33.373"}]}