{"Key":"miniknight-v2","Title":"MiniKnight v2","Author":{"Username":"aquinas","DisplayName":"Christopher","ImageUrl":"http://grislygrotto.blob.core.windows.net/usercontentpub/facebook-small-chris.jpg"},"Date":"2018-07-15T22:20:11.223","Content":"<div>I have my next project: MiniKnight. Around <a href=\"https://grislygrotto.azurewebsites.net/post/back-sigh\">three</a> <a href=\"https://grislygrotto.azurewebsites.net/post/miniknight-finished\">years</a> ago, I built this using Unity. Its a platformer with pixel graphics and five levels, where you collect coins and avoid or kill orcs on your way to the exit portal. MiniKnight represents the most complex game I have finished - its successor, Hex Settlers, didn't get too far beyond map rendering and path finding. I was quite proud of it at the time - it even had some music!<br></div><div><br></div><div>So why build it again? Well, the game took a large helping from the Unity framework; being a platformer, physics and gravity were big parts of it. Think jumping, falling, collision detection etc. It was also an 'entity-driven' game, that is everything in it from the knight itself through to the blocks he/she stood on, were objects in the game world with their own behaviours, AI in some cases etc. This was a plus and a minus: even though I 'built' the game, a lot of its mechanics were borrowed. Furthermore, there were some bugs in the final version, like the knight getting stuck on a wall and leveraging this to jump out of the playzone, that I couldnt figure out how to solve since I didn't control the game.</div><div><br></div><div>With a rebuild, I get to do all of it this time: physics, AI, animation etc. Its a bigger, more complete task. Now, normally I would say don't reinvent the wheel: if you have a gaming engine that does 90% of the work, then use a gaming engine. Only idiots and C++ developers (synonyms) build from scratch. But, MiniKnight back then was a learning exercise with Unity and now its a learning exercise with F#, MonoGame and game engine design. So I'm justified :) After all, I am hoping that all these little efforts will result in a refined, flexible 'game core' that I can use to make my 'real' projects.</div><div><br></div><div>So far I have a knight who can walk forwards and backwards, some collision detection, blocks with correct adjacency graphics and a little animation. The repo is <a href=\"https://github.com/ChrisPritchard/MiniKnight\">here on GitHub</a> - I suspect its going to take a lot longer to do than Tetris, and a great deal longer than the original build on Unity. But its important for me to do this. I have a plan, a dream for my future personal projects, and this is a important step towards that dream.<br></div>","WordCount":400,"IsStory":false,"Comments":[{"Id":4715,"Author":"Peter","Content":"One of my favourite time sinks is a platform game called Goblin Sword. Controls are simple - left/right/jump/fight, with each level having simple puzzles and roaming monsters with specific patterns. I imagine the platform designer is a key part of the dev suite for the game","Date":"2018-07-16T19:05:54.733"},{"Id":4716,"Author":"Chris","Content":"In MiniKnight I use a bitmap image for each level. Read it in as a set of pixels, and match different colours for different tile types. E.g. 128,128,128 is a floor tile.","Date":"2018-07-16T21:57:41.747"}]}