{"Key":"passings","Title":"Passings","Author":{"Username":"aquinas","DisplayName":"Christopher","ImageUrl":"http://grislygrotto.blob.core.windows.net/usercontentpub/facebook-small-chris.jpg"},"Date":"2018-07-24T22:19:08.67","Content":"<div>I haven't posted for a few days, in a gesture of respect for my Grandpa (Pete's father). He passed away in his sleep over the weekend. I wasn't very close with him, but we always got along. A nice man - as my father said when I told him, our lives will be diminished by his passing (which sounded a bit like a threat, but there you go). David (my brother) is coming over tomorrow and staying for a few days, as the funeral is on Friday.</div><div><br></div><div>So, sad times. <br></div>","WordCount":89,"IsStory":false,"Comments":[]}