{"Key":"paying-people-what-they-are-worth","Title":"Paying people what they are worth","Author":{"Username":"pdc","DisplayName":"Peter","ImageUrl":"http://grislygrotto.blob.core.windows.net/usercontentpub/facebook-small-pete.jpg"},"Date":"2018-07-12T00:55:55.823","Content":"<p>Its interesting seeing the language in the media about pay for teachers, students etc. Its very emotive, along the lines of the value of the activity these professions provide the community, and does their pay reflect their worth. One 'independent' economist even asked whether we should value these professions less than lawyers or bankers - do we truly value students and patients less?</p><p>The answer is of course no. The underlying misconception in all of these conversations is that no one's pay reflects what they are worth.</p><p>The brutal reality of work is that a company pays as little as it can get away with it. I work on multi-million dollar projects, making key business decisions that&nbsp;affect the current and future health of&nbsp;my company. And yet a project manager working on&nbsp;2-3 of my projects will earn a lot more than me because they are a contractor, and the nature of the work is that&nbsp;it is more efficient to hire those people.</p><p>If you go through every profession in society and financially quantify the consequence of not having that role,&nbsp;then you will end up with a figure that is 10x the amount of money in the society. Imagine not having garbage collectors? The place would be uncomfortable in days, and unliveable in weeks - so on this basis, garbage collectors are more valuable than almost any other profession</p><p>Government professions are in a more awkward space as there is mainly one employer. Most other professions have competing employers and therefore market dynamics (supply/demand of sufficiently skilled resource) drives salaries.</p><p>Nevertheless, regardless of what happens&nbsp;to teachers&nbsp;or nurses,&nbsp;I still disagree that a person's pay has a direct relationship to the value they provide</p>","WordCount":275,"IsStory":false,"Comments":[{"Id":4708,"Author":" Chris","Content":"I'm worth almost nothing to society and get paid more than most! Hooray for capitalism!","Date":"2018-07-12T03:58:13.217"},{"Id":4709,"Author":"Peter","Content":"Well supply/demand market dynamics anyway. ","Date":"2018-07-12T19:10:37.91"}]}