{"Key":"power-to-the-people","Title":"Power to the people","Author":{"Username":"pdc","DisplayName":"Peter","ImageUrl":"http://grislygrotto.blob.core.windows.net/usercontentpub/facebook-small-pete.jpg"},"Date":"2018-07-19T19:59:58.923","Content":"<p>I am in favour of democracy, accepting the axiom that people are stupid and therefore democracy is really the consensus of the stupid.</p><p>The recent stoush around Russian interference in elections raises challenges over what democracy actually is. I mean, for example, are people upset because the election was interfered with, or because it was the Russians interfering?</p><p>The truth is that democracy is about influencing the voters. The whole point of an election campaign is to convince people to vote for your particular party, and to do that you try and convince people about a particular view of the world. One that they might not share prior to this.</p><p>I actually have a problem with the way some/all parties treat this right to influence. Creating strategies to disempower people who disagree with you seems a deliberate distortion of the democratic process.</p><p>People can influence elections for benevolent, benign or malicious reasons. A racist might genuinely believe a country having racist policies is better than one that is neutral. A friendly government might want people&nbsp;they can work with, or help their internal policies (such as Australia&nbsp;preferring someone who wont complain about detention centres).&nbsp;So motive to me is irrelevant to whether parties should 'be allowed' to influence a vote.</p><p>I really dislike non-NZ parties sending money to NZ to support the election. I thus have sympathy with Russia who require NGOs to register as foreign entities if they get money from overseas, to promote their 'western ideas.' I might agree with what the NGOs are promoting, but I dislike foreign people interfering in an election that ultimately has nothing to do with it.</p><p>This doesn't mean you can't educate people on your beliefs, or complain about human right abuses. Just don't get hypocritical about it. Yes, Russia is likely to interfere in western elections, as indeed western governments interfere in Russia's - and both do this to many other countries. Naturally we believe promoting pro west liberal deomocratic ideas is the height of virtue but I get irritated by the concept that other people, who don't think like us, are evil if they disagree or, even worse, promote something other than our ideal world.</p><p>Why this is an important distinction is because I wouldn't want the US to promote their gun approach in NZ, UK unions to promote their labour approach, Religious groups to promote their pro-life or other beliefs. And yet those people would genuinely believe they are trying to make NZ better and might consider anyone objecting to their interference as 'evil'</p><p>However, irrespective of whether we agree with something or not, the real challenge with influencing democracy is misinformation. This can be deliberate or accidental, but while I think&nbsp; the government's agencies job should be to attempt to prevent foreign groups using misinformation, which was a key Russian tactic, the truth is that this problem applies equally to domestic people. It is the job of the press to point this out and correct them, but they are pretty poor at the job.</p><p>One of the reasons, probably the biggest, that&nbsp;they are poor at the job is not their fault. People like misinformation and don't critically assess it enough. Until we can change the way people process data, democracy is vulnerable to misinformation influence.</p><p>And influence is going to happen. Yes you can condemn it. Yes you cant point it out. Yes you can create sanctions or other activities to 'punish' perpetrators. But they are going to keep trying to influence the election for the same reason we interfere in theirs. This is why educating people is critical, but also doomed to failure (because people are stupid, and I mean all people)</p><p>The good news is that the nature of NZ democracy is that such vulnerability is likely to be relatively benign. The main parties are pretty static and not interested in radical reforms and the minor parties are niche players jockeying for influence rather than setting core policy. </p>","WordCount":649,"IsStory":false,"Comments":[{"Id":4721,"Author":"Chris","Content":"Its not really to the same scale though: funding NGOs vs running massive disinformation campaigns, is it? One is influence and the other is interference.","Date":"2018-07-20T20:14:46.867"},{"Id":4722,"Author":"Peter","Content":"While there is a degree of false equivalence, I am not sure that is always true - there is a big difference in trying to educate people and in assuming your opinion is more important than those who disagree with you, not matter how benevolent the intent","Date":"2018-07-22T07:00:06.957"}]}