{"Key":"step-by-plated-step","Title":"Step by Plated Step","Author":{"Username":"aquinas","DisplayName":"Christopher","ImageUrl":"http://grislygrotto.blob.core.windows.net/usercontentpub/facebook-small-chris.jpg"},"Date":"2018-07-25T21:50:12.713","Content":"<div>MiniKnight in F# has been progressing. Not super quickly - there is a lot to do. Much larger than Tetris, and this is where there is value: often when looking or conceiving of a game, the complexity behind it is not readily visible. Even now, thinking of Tetris in my head and MiniKnight, they seem like they would be roughly equivalent. If anything, Tetris is a more complex game to play: there is strategy, tension, scoring and line mechanics, whereas MiniKnight is just a simple platformer. But, so far, I have made some 100+ commits to my MiniKnight repository and I am only about half or two thirds done. Tetris, in contrast, totalled out at around 70 commits. Tetris also only had four main F# classes, whereas MiniKnight is already up to seven and rising.</div><div><br></div><div>Still, I'm getting there. I was blocked for about a week on my physics/collisions calculations, which I largely resolved (and drastically simplified other parts of my model) over the weekend. Orcs were the second blocker - not because it was hard, but because the amount of work involved was daunting. My technique is to list out the tasks in small byte-sized chunks, then do them one at a time, just focusing on what is next. Doing that results in a surprising amount of solid progress - its also the technique I use while writing. Narrow focus, one step after the next. Below is my current task list for MiniKnight, tracked in my one note:</div><div><br></div><div align=\"center\"><img src=\"https://grislygrotto.blob.core.windows.net/blog/miniknight-tasks.PNG\"></div><div><br></div><div>The nice thing about game dev though, is that as you approach the end the graphics and gameplay start coming together :) I can now run through all the levels of my game, some of which are quite challenging. Even though the orcs cant be killed and dont attack, seeing them run around is quite fun :) I should probably reorder the list and add music/sound, because the tunes I had for the game are neat.</div><div><br></div><div>Looking forward to getting this finished. Then I can move on (possibly) to a small-scale civ clone I have in mind.<br></div>","WordCount":343,"IsStory":false,"Comments":[{"Id":4723,"Author":"Peter","Content":"Looking forward to seeing it","Date":"2018-07-26T06:27:35.047"}]}