{"Key":"worth-every-penny","Title":"Worth Every Penny","Author":{"Username":"aquinas","DisplayName":"Christopher","ImageUrl":"http://grislygrotto.blob.core.windows.net/usercontentpub/facebook-small-chris.jpg"},"Date":"2018-07-31T21:06:19.217","Content":"<div>So I got this monster delivered yesterday. The only word I can use for it is...majestic.</div><div><br></div><div align=\"center\"><img src=\"https://grislygrotto.blob.core.windows.net/blog/hyperwide-desktop.jpg\"></div><div><br></div><div align=\"center\"><img src=\"https://grislygrotto.blob.core.windows.net/blog/hyperwide-stellaris.jpg\"></div><div><br></div><div align=\"center\"><img src=\"https://grislygrotto.blob.core.windows.net/blog/hyperwide-work.jpg\"></div><div><br></div><div>The photos don't do it justice. Using this thing is like being in a different world. So far, playing Subnautica, Stellaris (middle pic above) and Skyrim SE (huh, all starting with S...for SAMSUNG) is almost indescribable. The immersion is what VR feels like, like I'm wearing my Gear VR or a Rift but without the loss of keyboard control, cables etc.</div><div><br></div><div>That being said, if all you do is play third person games like WoW or HITMAN, its probably not worth it unless you also want a productivity boost (that last pic is me coding away very happily) - on third person, the effect is lost, and the world feels like its whipping around too much. But for first person, or 4X games its...simply magical :) Best $2k I've ever spent.<br></div>","WordCount":145,"IsStory":false,"Comments":[]}